Fase,Data_inicio_etapa,Data_final_etapa,Etapa,Subetapa,Tarefa,Descricao_operacional,Canal,Responsavel,Aprovador,Dependencia,Data_ancora,Regra_de_data,Recorrencia,Prioridade,Automacao,Ferramenta,Observacoes
Início,13/04,14/04,Onboarding / Concepção,Estratégia,Definir estratégia do lançamento,,meet,Estrategista Senior e Gestor de Projetos,Estrategista Senior,Debriefing do lançamento anterior,Início da etapa,D-0,Não,-,,,
Início,13/04,14/04,Onboarding / Concepção,Estratégia,Definir cronograma do lançamento,,meet,Estrategista Senior e Gestor de Projetos,Estrategista Senior,Debriefing do lançamento anterior,Início da etapa,D-0,Não,-,,,
Início,13/04,14/04,Onboarding / Concepção,Estratégia,Definir datas das etapas,,meet,Estrategista Senior e Gestor de Projetos,Estrategista Senior,Debriefing do lançamento anterior,Início da etapa,D-0,Não,-,,,
Início,13/04,14/04,Onboarding / Concepção,Estratégia,Definir oferta Principal  e posicionamento,,meet,Estrategista Senior e Gestor de Projetos,Estrategista Senior,Debriefing do lançamento anterior,Início da etapa,D-0,Não,-,,,
Início,13/04,14/04,Onboarding / Concepção,Estratégia,Alinhar equipe e responsáveis,,meet,Estrategista Senior e Gestor de Projetos,Estrategista Senior,Debriefing do lançamento anterior,Início da etapa,D-0,Não,-,,,
Início,13/04,14/04,Onboarding / Concepção,Estratégia,Definir Oferta Downsell,,meet,Estrategista Senior e Gestor de Projetos,Estrategista Senior,Debriefing do lançamento anterior,Início da etapa,D-0,Não,,,,
Início,13/04,14/04,Onboarding / Concepção,Estratégia,"Definir/Atualizar Nicho, Avatar e Roma",,meet,Estrategista Senior e Gestor de Projetos,Estrategista Senior,Debriefing do lançamento anterior,Início da etapa,D-0,Não,,,,
Início,13/04,14/04,Onboarding / Concepção,Estratégia,"Definir/Atualizar Produto, Método e Entregáveis",,meet,Estrategista Senior e Gestor de Projetos,Estrategista Senior,Debriefing do lançamento anterior,Início da etapa,D-0,Não,,,,
Execução,16/04,22/04,Distribuição de Conteúdo,Planejamento,Mapear conteúdos C1 vencedores,,Planilha,Gestor de Tráfego,Gestor de Projetos,Planilha de Métricas,Início da etapa,D-1,Não,Alta,Não,-,
Execução,16/04,22/04,Distribuição de Conteúdo,Planejamento,Mapear posts orgânicos com melhor resultado,,Instagram,Social Media,Gestor de Projetos,Planilha de Métricas,Início da etapa,D-1,Não,Média,Não,-,
Execução,16/04,22/04,Distribuição de Conteúdo,Planejamento,A cada 7 dias analisar posts orgânicos com melhor resultado e passar para o gestor de tráfego,,Instagram,Social Media,Gestor de Projetos,Posts publicados,Início da etapa,D+0,A cada 7 dias,Média,Não,Instagram,
Execução,16/04,22/04,Distribuição de Conteúdo,Planejamento,Listar conteúdos C2,,Interno,Estrategista Senior,Gestor de Projetos,-,Início da etapa,D-1,Não,Alta,Não,-,
Execução,16/04,22/04,Distribuição de Conteúdo,Planejamento,Listar conteúdos C3,,Interno,Estrategista Senior,Gestor de Projetos,-,Início da etapa,D-1,Não,Alta,Não,-,
Execução,16/04,22/04,Distribuição de Conteúdo,Planejamento,Listar conteúdos C4,,Interno,Estrategista Senior,Gestor de Projetos,-,Início da etapa,D-1,Não,Alta,Não,-,
Execução,16/04,22/04,Distribuição de Conteúdo,Tráfego,Criar campanha visitar perfil C1 (público frio),,Meta Ads,Gestor de Tráfego,Gestor de Projetos,Conteúdos C1 definidos,Início da etapa,D+0,Não,Alta,Não,Meta Ads,
Execução,16/04,22/04,Distribuição de Conteúdo,Tráfego,Criar campanha engajamento C2 (público 50% C1 + perfil 30D),,Meta Ads,Gestor de Tráfego,Gestor de Projetos,Público C1 criado,Início da etapa,D+7,Não,Alta,Não,Meta Ads,
Execução,16/04,22/04,Distribuição de Conteúdo,Tráfego,Criar campanha engajamento C3 (público C1 + C2),,Meta Ads,Gestor de Tráfego,Gestor de Projetos,Públicos C1 e C2 criados,Início da etapa,D+10,Não,Alta,Não,Meta Ads,
Execução,16/04,22/04,Distribuição de Conteúdo,Tráfego,Criar campanha engajamento C4 (público C1 + C2 + C3),,Meta Ads,Gestor de Tráfego,Gestor de Projetos,"Públicos C1, C2 e C3 criados",Início da etapa,D+15,Não,Alta,Não,Meta Ads,
Execução,16/04,22/04,Distribuição de Conteúdo,Tráfego,Otimizar campanhas de distribuição,,Meta Ads,Gestor de Tráfego,Gestor de Projetos,Campanhas ativas,Início da etapa,D+0,A cada 3 dias,Alta,Não,Meta Ads,
Execução,16/04,22/04,Distribuição de Conteúdo,Métricas,Criar planilha de métricas,,Planilha,Gestor de Projetos,Gestor de Projetos,-,Início da etapa,D+3,Não,Alta,Não,Sheets,
Execução,16/04,22/04,Distribuição de Conteúdo,Métricas,Criar dashboard de métricas,,Lookerstudio,Gestor de Projetos,Gestor de Projetos,Planilha criada,Início da etapa,D+3,Não,Alta,Não,Looker/Sheets,
Execução,16/04,22/04,Distribuição de Conteúdo,Tráfego,Criar público vídeo C1 (50% - 30D/60D/90D/180D/360D),,Meta Ads,Gestor de Tráfego,-,-,Início da etapa,D+3,Não,Alta,Não,Meta Ads,
Execução,16/04,22/04,Distribuição de Conteúdo,Tráfego,Criar público vídeo C2 (50% - 30D/60D/90D/180D/360D),,Meta Ads,Gestor de Tráfego,-,-,Início da etapa,D+3,Não,Alta,Não,Meta Ads,
Execução,16/04,22/04,Distribuição de Conteúdo,Tráfego,Criar público vídeo C3 (50% - 30D/60D/90D/180D/360D),,Meta Ads,Gestor de Tráfego,-,-,Início da etapa,D+3,Não,Alta,Não,Meta Ads,
Execução,16/04,22/04,Distribuição de Conteúdo,Tráfego,Criar público vídeo C4 (50% - 30D/60D/90D/180D/360D),,Meta Ads,Gestor de Tráfego,-,-,Início da etapa,D+3,Não,Alta,Não,Meta Ads,
Execução,04/05,26/05,Captação de Leads,Criativos,Produzir criativos de captação de leads,,Vídeo,Editor de Vídeo,Gestor de Projetos,Roteiro aprovado,Início da etapa,D-5 Etapa,Não,Alta,Não,-,
Execução,04/05,26/05,Captação de Leads,Criativos,Fazer dublagem dos criativos de captação de leads,,Vídeo,Editor de Vídeo,Gestor de Projetos,Criativos produzidos,Início da etapa,D-5 Etapa,Não,Alta,Não,-,
Execução,04/05,26/05,Captação de Leads,Comunicação,Criar grupos no WhatsApp para captação de leads,,WhatsApp,Gestor de Automação Junior,Gestor de Projetos,-,Início da etapa,D-5 Etapa,Não,Alta,Não,WhatsApp,
Execução,04/05,26/05,Captação de Leads,Páginas,Criar Copy da página de captura,,Web Designer,Copy,Estratégista Senior,-,Início da etapa,D-5 Etapa,Não,Alta,Não,,
Execução,04/05,26/05,Captação de Leads,Páginas,Atualizar página de captura,,Web Designer,Gestor de Tráfego,Gestor de Projetos,Copy pronta,Início da etapa,D-5 Etapa,Não,Alta,Não,,
Execução,04/05,26/05,Captação de Leads,Páginas,Criar Copy da página de Obrigado,,Web Designer,Copy,Estratégista Senior,-,Início da etapa,D-5 Etapa,Não,Alta,Não,,
Execução,04/05,26/05,Captação de Leads,Páginas,Atualizar página de obrigado,,Web Designer,Gestor de Tráfego,Gestor de Projetos,Copy pronta,Início da etapa,D-5 Etapa,Não,Alta,Não,,
Execução,04/05,26/05,Captação de Leads,Páginas,Atualizar pesquisa de alunos,,Interno,Gestor de Tráfego,Gestor de Projetos,-,Início da etapa,D-5 Etapa,Não,Alta,Não,-,
Execução,04/05,26/05,Captação de Leads,Métricas,Criar planilha de dados do lançamento,,Interno,Gestor de Projetos,Estrategista Senior,-,Início da etapa,D-5 Etapa,Não,Alta,Não,Sheets,
Execução,04/05,26/05,Captação de Leads,Métricas,Atualizar planilha de dados do lançamento,,Interno,Gestor de Projetos,-,Planilha criada,Início da etapa,D+0 Etapa,Diário,Alta,Não,Sheets,
Execução,04/05,26/05,Captação de Leads,Automação,Criar automação de boas-vindas no Mautic,,Email,Gestor de Automação Junior,Gestor de Projetos,Copy aprovada,Início da etapa,D-5 Etapa,Não,Alta,Sim,Mautic,
Execução,04/05,26/05,Captação de Leads,Automação,Criar automação de boas-vindas no ManyChat / WhatsApp,,WhatsApp,Gestor de Automação Junior,Gestor de Projetos,Copy aprovada,Início da etapa,D-5 Etapa,Não,Alta,Sim,ManyChat,
Execução,04/05,26/05,Captação de Leads,Automação,Configurar API/ManyChat para boas-vindas após cadastro,,WhatsApp,Gestor de Automação Junior,Gestor de Projetos,Acesso/API disponível,Início da etapa,D-5 Etapa,Não,Alta,Sim,API,
Execução,04/05,26/05,Captação de Leads,Tráfego,Planejamento de Campanhas,,Planilha,Gestor de Projetos,Gestor de Projetos,-,Início da etapa,D-4 Etapa,Não,Alta,Não,Planilha,
Execução,04/05,26/05,Captação de Leads,Tráfego,Criar campanhas de captação padrão (públicos),,Meta Ads,Gestor de Tráfego,Gestor de Projetos,Planejamento de Campanhas,Início da etapa,D-2 Etapa,Não,Alta,Não,Meta Ads,
Execução,04/05,26/05,Captação de Leads,Tráfego,Criar campanhas de captação padrão (criativos),,Meta Ads,Gestor de Tráfego,Gestor de Projetos,Planejamento de Campanhas,Início da etapa,D-2 Etapa,Não,Alta,Não,Meta Ads,
Execução,04/05,26/05,Captação de Leads,Tráfego,Criar campanhas de teste de criativo,,Meta Ads,Gestor de Tráfego,Gestor de Projetos,Planejamento de Campanhas,Início da etapa,D-2 Etapa,Não,Alta,Não,Meta Ads,
Execução,04/05,26/05,Captação de Leads,Tráfego,Criar campanhas de teste de público,,Meta Ads,Gestor de Tráfego,Gestor de Projetos,Planejamento de Campanhas,Início da etapa,D-2 Etapa,Não,Alta,Não,Meta Ads,
Execução,04/05,26/05,Captação de Leads,Tráfego,Otimizar campanhas de captação,,Meta Ads,Gestor de Tráfego,Gestor de Projetos,Campanhas ativas,Início da etapa,D+0 Etapa,Rotineiro,Alta,Não,Meta Ads,
Execução,06/05,26/05,Captação de Leads,Orgânico,Iniciar publicações de captação orgânica (todas as publicações devem ter um CTA para o evento e uma palavra-chave para automação),,Instagram,Social Media,-,-,Início da etapa,D+7 Etapa,Recorrente,Alta,Não,Instagram,
Execução,11/05,26/05,Captação de Leads,Orgânico,Aumentar de 2X a 3X por dia as públicações,,Instagram,Social Media,-,-,Início da etapa,D+7 Etapa,Recorrente,Alta,Não,Instagram,
Execução,04/05,26/05,Captação de Leads,Comunicação,Enviar mensagem de boas-vindas nos grupos - Todos os dias - 2X ao dia,,WhatsApp,Social Media,Gestor de Projetos,Grupo criado,Início da etapa,D+0 Etapa,Diário 2x,Alta,Não,WhatsApp,
Execução,04/05,26/05,Captação de Leads,Comunicação,Escrever/Atualizar mensagem 1 para grupos antigos,,Docs,Copy,Gestor de Projetos,-,Início da etapa,D+9 Etapa,Não,Alta,Sim,ManyChat,
Execução,04/05,26/05,Captação de Leads,Comunicação,Escrever/Atualizar mensagem 2 para grupos antigos,,Docs,Copy,Gestor de Projetos,-,Início da etapa,D+9 Etapa,Não,Alta,Sim,ManyChat,
Execução,04/05,26/05,Captação de Leads,Comunicação,Escrever/Atualizar mensagem 3 para grupos antigos,,Docs,Copy,Gestor de Projetos,-,Início da etapa,D+9 Etapa,Não,Alta,Sim,ManyChat,
Execução,04/05,26/05,Captação de Leads,Comunicação,Escrever/Atualizar mensagem 4 para grupos antigos,,Docs,Copy,Gestor de Projetos,-,Início da etapa,D+9 Etapa,Não,Alta,Sim,ManyChat,
Execução,04/05,26/05,Captação de Leads,Comunicação,Escrever/Atualizar mensagem 5 para grupos antigos,,Docs,Copy,Gestor de Projetos,-,Início da etapa,D+9 Etapa,Não,Alta,Sim,ManyChat,
Execução,04/05,26/05,Captação de Leads,Comunicação,Escrever/Atualizar mensagem 6 para grupos antigos,,Docs,Copy,Gestor de Projetos,-,Início da etapa,D+9 Etapa,Não,Alta,Sim,ManyChat,
Execução,04/05,26/05,Captação de Leads,Comunicação,Escrever/Atualizar mensagem 7 para grupos antigos,,Docs,Copy,Gestor de Projetos,-,Início da etapa,D+9 Etapa,Não,Alta,Sim,ManyChat,
Execução,04/05,26/05,Captação de Leads,Comunicação,Escrever/Atualizar mensagem 8 para grupos antigos,,Docs,Copy,Gestor de Projetos,-,Início da etapa,D+9 Etapa,Não,Alta,Sim,ManyChat,
Execução,04/05,26/05,Captação de Leads,Comunicação,Escrever/Atualizar mensagem 9 para grupos antigos,,Docs,Copy,Gestor de Projetos,-,Início da etapa,D+9 Etapa,Não,Alta,Sim,ManyChat,
Execução,04/05,26/05,Captação de Leads,Comunicação,Escrever/Atualizar mensagem 10 para grupos antigos,,Docs,Copy,Gestor de Projetos,-,Início da etapa,D+9 Etapa,Não,Alta,Sim,ManyChat,
Execução,04/05,26/05,Captação de Leads,Comunicação,Programar mensagem 1 para grupos antigos,,Grupos,Gestor de Automação Junior,-,Mensagem 1,Início da etapa,D+10 Etapa,Não,Alta,Sim,ManyChat,
Execução,04/05,26/05,Captação de Leads,Comunicação,Programar mensagem 2 para grupos antigos,,Grupos,Gestor de Automação Junior,-,Mensagem 2,Início da etapa,D+11 Etapa,Não,Alta,Sim,ManyChat,
Execução,04/05,26/05,Captação de Leads,Comunicação,Programar mensagem 3 para grupos antigos,,Grupos,Gestor de Automação Junior,-,Mensagem 3,Início da etapa,D+12 Etapa,Não,Alta,Sim,ManyChat,
Execução,04/05,26/05,Captação de Leads,Comunicação,Programar mensagem 4 para grupos antigos,,Grupos,Gestor de Automação Junior,-,Mensagem 4,Início da etapa,D+13 Etapa,Não,Alta,Sim,ManyChat,
Execução,04/05,26/05,Captação de Leads,Comunicação,Programar mensagem 5 para grupos antigos,,Grupos,Gestor de Automação Junior,-,Mensagem 5,Início da etapa,D+14 Etapa,Não,Alta,Sim,ManyChat,
Execução,04/05,26/05,Captação de Leads,Comunicação,Programar mensagem 6 para grupos antigos,,Grupos,Gestor de Automação Junior,-,Mensagem 6,Início da etapa,D+15 Etapa,Não,Alta,Sim,ManyChat,
Execução,04/05,26/05,Captação de Leads,Comunicação,Programar mensagem 7 para grupos antigos,,Grupos,Gestor de Automação Junior,-,Mensagem 7,Início da etapa,D+16 Etapa,Não,Alta,Sim,ManyChat,
Execução,04/05,26/05,Captação de Leads,Comunicação,Programar mensagem 8 para grupos antigos,,Grupos,Gestor de Automação Junior,-,Mensagem 8,Início da etapa,D+17 Etapa,Não,Alta,Sim,ManyChat,
Execução,04/05,26/05,Captação de Leads,Comunicação,Programar mensagem 9 para grupos antigos,,Grupos,Gestor de Automação Junior,-,Mensagem 9,Início da etapa,D+18 Etapa,Não,Alta,Sim,ManyChat,
Execução,04/05,26/05,Captação de Leads,Comunicação,Programar mensagem 10 para grupos antigos,,Grupos,Gestor de Automação Junior,-,Mensagem 10,Início da etapa,D+19 Etapa,Não,Alta,Sim,ManyChat,
Execução,04/05,26/05,Captação de Leads,Setup Social,Atualizar capas dos grupos,,WhatsApp,Social Media,-,Imagem Pronta e Grupos Criados,Início da etapa,D+10 Etapa,Não,Média,Não,-,
Execução,04/05,26/05,Captação de Leads,Setup Social,Atualizar capas das redes sociais,,Instagram,Social Media,-,Imagem Pronta,Início da etapa,D+10 Etapa,Não,Média,Não,Instagram,
Execução,04/05,26/05,Captação de Leads,Setup Social,Criar post fixado do evento,,Instagram,Social Media,-,Copy aprovada e Imagem Criada,Início da etapa,D+10 Etapa,Não,Média,Não,Instagram,
Execução,11/05,26/05,Captação de Leads,Comunicação,Escrever/Atualizar mensagem 1 para Listas antigos,,Docs,Copy,Gestor de Projetos,-,Início da etapa,D+9 Etapa,Não,Alta,Sim,ManyChat,
Execução,11/05,26/05,Captação de Leads,Comunicação,Escrever/Atualizar mensagem 2 para Listas antigos,,Docs,Copy,Gestor de Projetos,-,Início da etapa,D+9 Etapa,Não,Alta,Sim,ManyChat,
Execução,11/05,26/05,Captação de Leads,Comunicação,Escrever/Atualizar mensagem 3 para Listas antigos,,Docs,Copy,Gestor de Projetos,-,Início da etapa,D+9 Etapa,Não,Alta,Sim,ManyChat,
Execução,11/05,26/05,Captação de Leads,Comunicação,Escrever/Atualizar mensagem 4 para Listas antigos,,Docs,Copy,Gestor de Projetos,-,Início da etapa,D+9 Etapa,Não,Alta,Sim,ManyChat,
Execução,11/05,26/05,Captação de Leads,Comunicação,Escrever/Atualizar mensagem 5 para Listas antigos,,Docs,Copy,Gestor de Projetos,-,Início da etapa,D+9 Etapa,Não,Alta,Sim,ManyChat,
Execução,11/05,26/05,Captação de Leads,Comunicação,Escrever/Atualizar mensagem 6 para Listas antigos,,Docs,Copy,Gestor de Projetos,-,Início da etapa,D+9 Etapa,Não,Alta,Sim,ManyChat,
Execução,11/05,26/05,Captação de Leads,Comunicação,Escrever/Atualizar mensagem 7 para Listas antigos,,Docs,Copy,Gestor de Projetos,-,Início da etapa,D+9 Etapa,Não,Alta,Sim,ManyChat,
Execução,11/05,26/05,Captação de Leads,Comunicação,Escrever/Atualizar mensagem 8 para Listas antigos,,Docs,Copy,Gestor de Projetos,-,Início da etapa,D+9 Etapa,Não,Alta,Sim,ManyChat,
Execução,11/05,26/05,Captação de Leads,Comunicação,Escrever/Atualizar mensagem 9 para Listas antigos,,Docs,Copy,Gestor de Projetos,-,Início da etapa,D+9 Etapa,Não,Alta,Sim,ManyChat,
Execução,11/05,26/05,Captação de Leads,Comunicação,Escrever/Atualizar mensagem 10 para Listas antigos,,Docs,Copy,Gestor de Projetos,-,Início da etapa,D+9 Etapa,Não,Alta,Sim,ManyChat,
Execução,11/05,26/05,Captação de Leads,Comunicação,Programar mensagem 1 para Listas antigos,,Mautic,Gestor de Automação Junior,-,Mensagem 1 Lista,Início da etapa,D+10 Etapa,Não,Alta,Sim,ManyChat,
Execução,12/05,26/05,Captação de Leads,Comunicação,Programar mensagem 2 para Listas antigos,,Mautic,Gestor de Automação Junior,-,Mensagem 2 Lista,Início da etapa,D+11 Etapa,Não,Alta,Sim,ManyChat,
Execução,13/05,26/05,Captação de Leads,Comunicação,Programar mensagem 3 para Listas antigos,,Mautic,Gestor de Automação Junior,-,Mensagem 3 Lista,Início da etapa,D+12 Etapa,Não,Alta,Sim,ManyChat,
Execução,14/05,26/05,Captação de Leads,Comunicação,Programar mensagem 4 para Listas antigos,,Mautic,Gestor de Automação Junior,-,Mensagem 4 Lista,Início da etapa,D+13 Etapa,Não,Alta,Sim,ManyChat,
Execução,15/05,26/05,Captação de Leads,Comunicação,Programar mensagem 5 para Listas antigos,,Mautic,Gestor de Automação Junior,-,Mensagem 5 Lista,Início da etapa,D+14 Etapa,Não,Alta,Sim,ManyChat,
Execução,16/05,26/05,Captação de Leads,Comunicação,Programar mensagem 6 para Listas antigos,,Mautic,Gestor de Automação Junior,-,Mensagem 6 Lista,Início da etapa,D+15 Etapa,Não,Alta,Sim,ManyChat,
Execução,17/05,26/05,Captação de Leads,Comunicação,Programar mensagem 7 para Listas antigos,,Mautic,Gestor de Automação Junior,-,Mensagem 7 Lista,Início da etapa,D+16 Etapa,Não,Alta,Sim,ManyChat,
Execução,18/05,26/05,Captação de Leads,Comunicação,Programar mensagem 8 para Listas antigos,,Mautic,Gestor de Automação Junior,-,Mensagem 8 Lista,Início da etapa,D+17 Etapa,Não,Alta,Sim,ManyChat,
Execução,19/05,26/05,Captação de Leads,Comunicação,Programar mensagem 9 para Listas antigos,,Mautic,Gestor de Automação Junior,-,Mensagem 9 Lista,Início da etapa,D+18 Etapa,Não,Alta,Sim,ManyChat,
Execução,20/05,26/05,Captação de Leads,Comunicação,Programar mensagem 10 para Listas antigos,,Mautic,Gestor de Automação Junior,-,Mensagem 10 Lista,Início da etapa,D+19 Etapa,Não,Alta,Sim,ManyChat,
Execução,11/05,24/05,Aquecimento,Tráfego,Criar campanhas de distribuição C2 para leads,,Meta Ads,Gestor de Tráfego,Gestor de Projetos,Base de leads ativa,Início da etapa,D+0,Não,Alta,Não,Meta Ads,
Execução,11/05,24/05,Aquecimento,Tráfego,Criar campanhas de distribuição C3 para leads,,Meta Ads,Gestor de Tráfego,Gestor de Projetos,Base de leads ativa,Início da etapa,D+0,Não,Alta,Não,Meta Ads,
Execução,11/05,24/05,Aquecimento,Tráfego,Criar campanhas de distribuição C4 para leads,,Meta Ads,Gestor de Tráfego,Gestor de Projetos,Base de leads ativa,Início da etapa,D+0,Não,Alta,Não,Meta Ads,
Execução,11/05,24/05,Aquecimento,Lembretes,Produzir criativos de lembrete (Data do evento),,Vídeo,Editor de Vídeo,Estrategista Senior,-,Fim da etapa,D-10,Não,Alta,Não,-,
Execução,11/05,24/05,Aquecimento,Lembretes,Dublar criativos de lembrete (Data do evento),,Vídeo,Editor de Vídeo,Estrategista Senior,Criativos produzidos,Fim da etapa,D-10,Não,Alta,Não,-,
Execução,11/05,24/05,Aquecimento,Lembretes,Criar mensagens email lembrete Faltam 7D,,Docs,Copy,Gestor de Projetos,-,Fim da etapa,D-10,Não,Alta,Sim,Mautic,
Execução,11/05,24/05,Aquecimento,Lembretes,Criar mensagens email lembrete Faltam 3D,,Docs,Copy,Gestor de Projetos,-,Fim da etapa,D-10,Não,Alta,Sim,Mautic,
Execução,11/05,24/05,Aquecimento,Lembretes,Criar mensagens email lembrete É Amanhã,,Docs,Copy,Gestor de Projetos,-,Fim da etapa,D-10,Não,Alta,Sim,Mautic,
Execução,11/05,24/05,Aquecimento,Lembretes,Criar mensagens WhatsApp lembrete Faltam 7D,,Docs,Copy,Gestor de Projetos,-,Fim da etapa,D-10,Não,Alta,Sim,ManyChat,
Execução,11/05,24/05,Aquecimento,Lembretes,Criar mensagens WhatsApp lembrete Faltam 3D,,Docs,Copy,Gestor de Projetos,-,Fim da etapa,D-10,Não,Alta,Sim,ManyChat,
Execução,11/05,24/05,Aquecimento,Lembretes,Criar mensagens WhatsApp lembrete É Amanhã,,Docs,Copy,Gestor de Projetos,-,Fim da etapa,D-10,Não,Alta,Sim,ManyChat,
Execução,11/05,24/05,Aquecimento,Lembretes,Programar mensagens email lembrete Faltam 7D,,Mautic,Gestor de Automação Junior,-,Copy pronta,Fim da etapa,D-8,Não,Alta,Sim,Mautic,
Execução,11/05,24/05,Aquecimento,Lembretes,Programar mensagens email lembrete Faltam 3D,,Mautic,Gestor de Automação Junior,-,Copy pronta,Fim da etapa,D-8,Não,Alta,Sim,Mautic,
Execução,11/05,24/05,Aquecimento,Lembretes,Programar mensagens email lembrete É Amanhã,,Mautic,Gestor de Automação Junior,-,Copy pronta,Fim da etapa,D-8,Não,Alta,Sim,Mautic,
Execução,11/05,24/05,Aquecimento,Lembretes,Programar mensagens WhatsApp lembrete Faltam 7D,,Grupos,Gestor de Automação Junior,-,Copy pronta,Fim da etapa,D-8,Não,Alta,Sim,ManyChat,
Execução,11/05,24/05,Aquecimento,Lembretes,Programar mensagens WhatsApp lembrete Faltam 3D,,Grupos,Gestor de Automação Junior,-,Copy pronta,Fim da etapa,D-8,Não,Alta,Sim,ManyChat,
Execução,11/05,24/05,Aquecimento,Lembretes,Programar mensagens WhatsApp lembrete É Amanhã,,Grupos,Gestor de Automação Junior,-,Copy pronta,Fim da etapa,D-8,Não,Alta,Sim,ManyChat,
Execução,11/05,24/05,Aquecimento,Tráfego,Criar campanhas de lembrete (Data do Evento),,Meta Ads,Gestor de Tráfego,Gestor de Projetos,Criativos prontos,Fim da etapa,D-10,Não,Alta,Não,Meta Ads,
Execução,11/05,24/05,Aquecimento,Lives,Configurar live 1 (começa D+1 -\> Data de inicio da etapa),,YouTube,Social Media,-,-,Inicio da etapa,D-2,Não,Alta,Não,-,
Execução,11/05,24/05,Aquecimento,Lives,Configurar live 2 (começa D+2 -\> Data de inicio da Live 1),,YouTube,Social Media,-,-,Inicio da etapa,D-2,Não,Alta,Não,-,
Execução,11/05,24/05,Aquecimento,Lives,Configurar live 3 (começa D+2 -\> Data de inicio da Live 2),,YouTube,Social Media,-,-,Inicio da etapa,D-2,Não,Alta,Não,-,
Execução,11/05,24/05,Aquecimento,Lives,Configurar live 4 (começa D+2 -\> Data de inicio da Live 3),,YouTube,Social Media,-,-,Inicio da etapa,D-2,Não,Alta,Não,-,
Execução,11/05,24/05,Aquecimento,Lives,Configurar live 5 (começa D+2 -\> Data de inicio da Live 4),,YouTube,Social Media,-,-,Inicio da etapa,D-2,Não,Alta,Não,-,
Execução,11/05,24/05,Aquecimento,Lives,Live 1 - Criar mensagens (antecipação 1 dias antes) - Email,,Email,Copy,Gestor de Projetos,-,Inicio da etapa,D-2,Não,Alta,Sim,Mautic,
Execução,11/05,24/05,Aquecimento,Lives,Live 1 - Criar mensagens (antecipação 1hr antes) - Email,,Email,Copy,Gestor de Projetos,-,Inicio da etapa,D-2,Não,Alta,Sim,Mautic,
Execução,11/05,24/05,Aquecimento,Lives,Live 1 - Criar mensagens (Estamos ao vivo) - Email,,Email,Copy,Gestor de Projetos,-,Inicio da etapa,D-2,Não,Alta,Sim,Mautic,
Execução,11/05,24/05,Aquecimento,Lives,Live 1 - Criar mensagens (Assista a Gravação) - Email,,Email,Copy,Gestor de Projetos,-,Inicio da etapa,D-2,Não,Alta,Sim,Mautic,
Execução,11/05,24/05,Aquecimento,Lives,Live 1 - Programar mensagens (antecipação 1 dias antes) - Email,,Email,Gestor de Automação Junior,-,Copy pronta,Inicio da etapa,D-2,Não,Alta,Sim,Mautic,
Execução,11/05,24/05,Aquecimento,Lives,Live 1 - Programar mensagens (antecipação 1hr antes) - Email,,Email,Gestor de Automação Junior,-,Copy pronta,Inicio da etapa,D-2,Não,Alta,Sim,Mautic,
Execução,11/05,24/05,Aquecimento,Lives,Live 1 - Programar mensagens (Estamos ao vivo) - Email,,Email,Gestor de Automação Junior,-,Copy pronta,Inicio da etapa,D-2,Não,Alta,Sim,Mautic,
Execução,11/05,24/05,Aquecimento,Lives,Live 1 - Programar mensagens (Assista a Gravação) - Email,,Email,Gestor de Automação Junior,-,Copy pronta,Inicio da etapa,D-2,Não,Alta,Sim,Mautic,
Execução,11/05,24/05,Aquecimento,Lives,Live 2 - Criar mensagens (antecipação 1 dias antes) - Email,,Email,Copy,Gestor de Projetos,-,Inicio da etapa,D+1,Não,Alta,Sim,Mautic,
Execução,11/05,24/05,Aquecimento,Lives,Live 2 - Criar mensagens (antecipação 1hr antes) - Email,,Email,Copy,Gestor de Projetos,-,Inicio da etapa,D+1,Não,Alta,Sim,Mautic,
Execução,11/05,24/05,Aquecimento,Lives,Live 2 - Criar mensagens (Estamos ao vivo) - Email,,Email,Copy,Gestor de Projetos,-,Inicio da etapa,D+1,Não,Alta,Sim,Mautic,
Execução,11/05,24/05,Aquecimento,Lives,Live 2 - Criar mensagens (Assista a Gravação) - Email,,Email,Copy,Gestor de Projetos,-,Inicio da etapa,D+1,Não,Alta,Sim,Mautic,
Execução,11/05,24/05,Aquecimento,Lives,Live 2 - Programar mensagens (antecipação 1 dias antes) - Email,,Email,Gestor de Automação Junior,-,Copy pronta,Inicio da etapa,D+1,Não,Alta,Sim,Mautic,
Execução,11/05,24/05,Aquecimento,Lives,Live 2 - Programar mensagens (antecipação 1hr antes) - Email,,Email,Gestor de Automação Junior,-,Copy pronta,Inicio da etapa,D+1,Não,Alta,Sim,Mautic,
Execução,11/05,24/05,Aquecimento,Lives,Live 2 - Programar mensagens (Estamos ao vivo) - Email,,Email,Gestor de Automação Junior,-,Copy pronta,Inicio da etapa,D+1,Não,Alta,Sim,Mautic,
Execução,11/05,24/05,Aquecimento,Lives,Live 2 - Programar mensagens (Assista a Gravação) - Email,,Email,Gestor de Automação Junior,-,Copy pronta,Inicio da etapa,D+1,Não,Alta,Sim,Mautic,
Execução,11/05,24/05,Aquecimento,Lives,Live 3 - Criar mensagens (antecipação 1 dias antes) - Email,,Email,Copy,Gestor de Projetos,-,Inicio da etapa,D+2,Não,Alta,Sim,Mautic,
Execução,11/05,24/05,Aquecimento,Lives,Live 3 - Criar mensagens (antecipação 1hr antes) - Email,,Email,Copy,Gestor de Projetos,-,Inicio da etapa,D+2,Não,Alta,Sim,Mautic,
Execução,11/05,24/05,Aquecimento,Lives,Live 3 - Criar mensagens (Estamos ao vivo) - Email,,Email,Copy,Gestor de Projetos,-,Inicio da etapa,D+2,Não,Alta,Sim,Mautic,
Execução,11/05,24/05,Aquecimento,Lives,Live 3 - Criar mensagens (Assista a Gravação) - Email,,Email,Copy,Gestor de Projetos,-,Inicio da etapa,D+2,Não,Alta,Sim,Mautic,
Execução,11/05,24/05,Aquecimento,Lives,Live 3 - Programar mensagens (antecipação 1 dias antes) - Email,,Email,Gestor de Automação Junior,-,Copy pronta,Inicio da etapa,D+3,Não,Alta,Sim,Mautic,
Execução,11/05,24/05,Aquecimento,Lives,Live 3 - Programar mensagens (antecipação 1hr antes) - Email,,Email,Gestor de Automação Junior,-,Copy pronta,Inicio da etapa,D+3,Não,Alta,Sim,Mautic,
Execução,11/05,24/05,Aquecimento,Lives,Live 3 - Programar mensagens (Estamos ao vivo) - Email,,Email,Gestor de Automação Junior,-,Copy pronta,Inicio da etapa,D+3,Não,Alta,Sim,Mautic,
Execução,11/05,24/05,Aquecimento,Lives,Live 3 - Programar mensagens (Assista a Gravação) - Email,,Email,Gestor de Automação Junior,-,Copy pronta,Inicio da etapa,D+3,Não,Alta,Sim,Mautic,
Execução,11/05,24/05,Aquecimento,Lives,Live 4 - Criar mensagens (antecipação 1 dias antes) - Email,,Email,Copy,Gestor de Projetos,-,Inicio da etapa,D+4,Não,Alta,Sim,Mautic,
Execução,11/05,24/05,Aquecimento,Lives,Live 4 - Criar mensagens (antecipação 1hr antes) - Email,,Email,Copy,Gestor de Projetos,-,Inicio da etapa,D+4,Não,Alta,Sim,Mautic,
Execução,11/05,24/05,Aquecimento,Lives,Live 4 - Criar mensagens (Estamos ao vivo) - Email,,Email,Copy,Gestor de Projetos,-,Inicio da etapa,D+4,Não,Alta,Sim,Mautic,
Execução,11/05,24/05,Aquecimento,Lives,Live 4 - Criar mensagens (Assista a Gravação) - Email,,Email,Copy,Gestor de Projetos,-,Inicio da etapa,D+4,Não,Alta,Sim,Mautic,
Execução,11/05,24/05,Aquecimento,Lives,Live 4 - Programar mensagens (antecipação 1 dias antes) - Email,,Email,Gestor de Automação Junior,-,Copy pronta,Inicio da etapa,D+4,Não,Alta,Sim,Mautic,
Execução,11/05,24/05,Aquecimento,Lives,Live 4 - Programar mensagens (antecipação 1hr antes) - Email,,Email,Gestor de Automação Junior,-,Copy pronta,Inicio da etapa,D+4,Não,Alta,Sim,Mautic,
Execução,11/05,24/05,Aquecimento,Lives,Live 4 - Programar mensagens (Estamos ao vivo) - Email,,Email,Gestor de Automação Junior,-,Copy pronta,Inicio da etapa,D+4,Não,Alta,Sim,Mautic,
Execução,11/05,24/05,Aquecimento,Lives,Live 4 - Programar mensagens (Assista a Gravação) - Email,,Email,Gestor de Automação Junior,-,Copy pronta,Inicio da etapa,D+4,Não,Alta,Sim,Mautic,
Execução,11/05,24/05,Aquecimento,Lives,Live 5 - Criar mensagens (antecipação 1 dias antes) - Email,,Email,Copy,Gestor de Projetos,-,Inicio da etapa,D+5,Não,Alta,Sim,Mautic,
Execução,11/05,24/05,Aquecimento,Lives,Live 5 - Criar mensagens (antecipação 1hr antes) - Email,,Email,Copy,Gestor de Projetos,-,Inicio da etapa,D+5,Não,Alta,Sim,Mautic,
Execução,11/05,24/05,Aquecimento,Lives,Live 5 - Criar mensagens (Estamos ao vivo) - Email,,Email,Copy,Gestor de Projetos,-,Inicio da etapa,D+5,Não,Alta,Sim,Mautic,
Execução,11/05,24/05,Aquecimento,Lives,Live 5 - Criar mensagens (Assista a Gravação) - Email,,Email,Copy,Gestor de Projetos,-,Inicio da etapa,D+5,Não,Alta,Sim,Mautic,
Execução,11/05,24/05,Aquecimento,Lives,Live 5 - Programar mensagens (antecipação 1 dias antes) - Email,,Email,Gestor de Automação Junior,-,Copy pronta,Inicio da etapa,D+5,Não,Alta,Sim,Mautic,
Execução,11/05,24/05,Aquecimento,Lives,Live 5 - Programar mensagens (antecipação 1hr antes) - Email,,Email,Gestor de Automação Junior,-,Copy pronta,Inicio da etapa,D+5,Não,Alta,Sim,Mautic,
Execução,11/05,24/05,Aquecimento,Lives,Live 5 - Programar mensagens (Estamos ao vivo) - Email,,Email,Gestor de Automação Junior,-,Copy pronta,Inicio da etapa,D+5,Não,Alta,Sim,Mautic,
Execução,11/05,24/05,Aquecimento,Lives,Live 5 - Programar mensagens (Assista a Gravação) - Email,,Email,Gestor de Automação Junior,-,Copy pronta,Inicio da etapa,D+5,Não,Alta,Sim,Mautic,
Execução,11/05,24/05,Aquecimento,Lives,Live 1 - Criar mensagens (antecipação 1 dias antes) - Grupos,,Grupos,Copy,Gestor de Projetos,-,Inicio da etapa,D-2,Não,Alta,Sim,Mautic,
Execução,11/05,24/05,Aquecimento,Lives,Live 1 - Criar mensagens (antecipação 1hr antes) - Grupos,,Grupos,Copy,Gestor de Projetos,-,Inicio da etapa,D-2,Não,Alta,Sim,Mautic,
Execução,11/05,24/05,Aquecimento,Lives,Live 1 - Criar mensagens (Estamos ao vivo) - Grupos,,Grupos,Copy,Gestor de Projetos,-,Inicio da etapa,D-2,Não,Alta,Sim,Mautic,
Execução,11/05,24/05,Aquecimento,Lives,Live 1 - Criar mensagens (Assista a Gravação) - Grupos,,Grupos,Copy,Gestor de Projetos,-,Inicio da etapa,D-2,Não,Alta,Sim,Mautic,
Execução,11/05,24/05,Aquecimento,Lives,Live 1 - Programar mensagens (antecipação 1 dias antes) - Grupos,,Grupos,Gestor de Automação Junior,-,Copy pronta,Inicio da etapa,D-2,Não,Alta,Sim,Mautic,
Execução,11/05,24/05,Aquecimento,Lives,Live 1 - Programar mensagens (antecipação 1hr antes) - Grupos,,Grupos,Gestor de Automação Junior,-,Copy pronta,Inicio da etapa,D-2,Não,Alta,Sim,Mautic,
Execução,11/05,24/05,Aquecimento,Lives,Live 1 - Programar mensagens (Estamos ao vivo) - Grupos,,Grupos,Gestor de Automação Junior,-,Copy pronta,Inicio da etapa,D-2,Não,Alta,Sim,Mautic,
Execução,11/05,24/05,Aquecimento,Lives,Live 1 - Programar mensagens (Assista a Gravação) - Grupos,,Grupos,Gestor de Automação Junior,-,Copy pronta,Inicio da etapa,D-2,Não,Alta,Sim,Mautic,
Execução,11/05,24/05,Aquecimento,Lives,Live 2 - Criar mensagens (antecipação 1 dias antes) - Grupos,,Grupos,Copy,Gestor de Projetos,-,Inicio da etapa,D+1,Não,Alta,Sim,Mautic,
Execução,11/05,24/05,Aquecimento,Lives,Live 2 - Criar mensagens (antecipação 1hr antes) - Grupos,,Grupos,Copy,Gestor de Projetos,-,Inicio da etapa,D+1,Não,Alta,Sim,Mautic,
Execução,11/05,24/05,Aquecimento,Lives,Live 2 - Criar mensagens (Estamos ao vivo) - Grupos,,Grupos,Copy,Gestor de Projetos,-,Inicio da etapa,D+1,Não,Alta,Sim,Mautic,
Execução,11/05,24/05,Aquecimento,Lives,Live 2 - Criar mensagens (Assista a Gravação) - Grupos,,Grupos,Copy,Gestor de Projetos,-,Inicio da etapa,D+1,Não,Alta,Sim,Mautic,
Execução,11/05,24/05,Aquecimento,Lives,Live 2 - Programar mensagens (antecipação 1 dias antes) - Grupos,,Grupos,Gestor de Automação Junior,-,Copy pronta,Inicio da etapa,D+1,Não,Alta,Sim,Mautic,
Execução,11/05,24/05,Aquecimento,Lives,Live 2 - Programar mensagens (antecipação 1hr antes) - Grupos,,Grupos,Gestor de Automação Junior,-,Copy pronta,Inicio da etapa,D+1,Não,Alta,Sim,Mautic,
Execução,11/05,24/05,Aquecimento,Lives,Live 2 - Programar mensagens (Estamos ao vivo) - Grupos,,Grupos,Gestor de Automação Junior,-,Copy pronta,Inicio da etapa,D+1,Não,Alta,Sim,Mautic,
Execução,11/05,24/05,Aquecimento,Lives,Live 2 - Programar mensagens (Assista a Gravação) - Grupos,,Grupos,Gestor de Automação Junior,-,Copy pronta,Inicio da etapa,D+1,Não,Alta,Sim,Mautic,
Execução,11/05,24/05,Aquecimento,Lives,Live 3 - Criar mensagens (antecipação 1 dias antes) - Grupos,,Grupos,Copy,Gestor de Projetos,-,Inicio da etapa,D+2,Não,Alta,Sim,Mautic,
Execução,11/05,24/05,Aquecimento,Lives,Live 3 - Criar mensagens (antecipação 1hr antes) - Grupos,,Grupos,Copy,Gestor de Projetos,-,Inicio da etapa,D+2,Não,Alta,Sim,Mautic,
Execução,11/05,24/05,Aquecimento,Lives,Live 3 - Criar mensagens (Estamos ao vivo) - Grupos,,Grupos,Copy,Gestor de Projetos,-,Inicio da etapa,D+2,Não,Alta,Sim,Mautic,
Execução,11/05,24/05,Aquecimento,Lives,Live 3 - Criar mensagens (Assista a Gravação) - Grupos,,Grupos,Copy,Gestor de Projetos,-,Inicio da etapa,D+2,Não,Alta,Sim,Mautic,
Execução,11/05,24/05,Aquecimento,Lives,Live 3 - Programar mensagens (antecipação 1 dias antes) - Grupos,,Grupos,Gestor de Automação Junior,-,Copy pronta,Inicio da etapa,D+3,Não,Alta,Sim,Mautic,
Execução,11/05,24/05,Aquecimento,Lives,Live 3 - Programar mensagens (antecipação 1hr antes) - Grupos,,Grupos,Gestor de Automação Junior,-,Copy pronta,Inicio da etapa,D+3,Não,Alta,Sim,Mautic,
Execução,11/05,24/05,Aquecimento,Lives,Live 3 - Programar mensagens (Estamos ao vivo) - Grupos,,Grupos,Gestor de Automação Junior,-,Copy pronta,Inicio da etapa,D+3,Não,Alta,Sim,Mautic,
Execução,11/05,24/05,Aquecimento,Lives,Live 3 - Programar mensagens (Assista a Gravação) - Grupos,,Grupos,Gestor de Automação Junior,-,Copy pronta,Inicio da etapa,D+3,Não,Alta,Sim,Mautic,
Execução,11/05,24/05,Aquecimento,Lives,Live 4 - Criar mensagens (antecipação 1 dias antes) - Grupos,,Grupos,Copy,Gestor de Projetos,-,Inicio da etapa,D+4,Não,Alta,Sim,Mautic,
Execução,11/05,24/05,Aquecimento,Lives,Live 4 - Criar mensagens (antecipação 1hr antes) - Grupos,,Grupos,Copy,Gestor de Projetos,-,Inicio da etapa,D+4,Não,Alta,Sim,Mautic,
Execução,11/05,24/05,Aquecimento,Lives,Live 4 - Criar mensagens (Estamos ao vivo) - Grupos,,Grupos,Copy,Gestor de Projetos,-,Inicio da etapa,D+4,Não,Alta,Sim,Mautic,
Execução,11/05,24/05,Aquecimento,Lives,Live 4 - Criar mensagens (Assista a Gravação) - Grupos,,Grupos,Copy,Gestor de Projetos,-,Inicio da etapa,D+4,Não,Alta,Sim,Mautic,
Execução,11/05,24/05,Aquecimento,Lives,Live 4 - Programar mensagens (antecipação 1 dias antes) - Grupos,,Grupos,Gestor de Automação Junior,-,Copy pronta,Inicio da etapa,D+4,Não,Alta,Sim,Mautic,
Execução,11/05,24/05,Aquecimento,Lives,Live 4 - Programar mensagens (antecipação 1hr antes) - Grupos,,Grupos,Gestor de Automação Junior,-,Copy pronta,Inicio da etapa,D+4,Não,Alta,Sim,Mautic,
Execução,11/05,24/05,Aquecimento,Lives,Live 4 - Programar mensagens (Estamos ao vivo) - Grupos,,Grupos,Gestor de Automação Junior,-,Copy pronta,Inicio da etapa,D+4,Não,Alta,Sim,Mautic,
Execução,11/05,24/05,Aquecimento,Lives,Live 4 - Programar mensagens (Assista a Gravação) - Grupos,,Grupos,Gestor de Automação Junior,-,Copy pronta,Inicio da etapa,D+4,Não,Alta,Sim,Mautic,
Execução,11/05,24/05,Aquecimento,Lives,Live 5 - Criar mensagens (antecipação 1 dias antes) - Grupos,,Grupos,Copy,Gestor de Projetos,-,Inicio da etapa,D+5,Não,Alta,Sim,Mautic,
Execução,11/05,24/05,Aquecimento,Lives,Live 5 - Criar mensagens (antecipação 1hr antes) - Grupos,,Grupos,Copy,Gestor de Projetos,-,Inicio da etapa,D+5,Não,Alta,Sim,Mautic,
Execução,11/05,24/05,Aquecimento,Lives,Live 5 - Criar mensagens (Estamos ao vivo) - Grupos,,Grupos,Copy,Gestor de Projetos,-,Inicio da etapa,D+5,Não,Alta,Sim,Mautic,
Execução,11/05,24/05,Aquecimento,Lives,Live 5 - Criar mensagens (Assista a Gravação) - Grupos,,Grupos,Copy,Gestor de Projetos,-,Inicio da etapa,D+5,Não,Alta,Sim,Mautic,
Execução,11/05,24/05,Aquecimento,Lives,Live 5 - Programar mensagens (antecipação 1 dias antes) - Grupos,,Grupos,Gestor de Automação Junior,-,Copy pronta,Inicio da etapa,D+5,Não,Alta,Sim,Mautic,
Execução,11/05,24/05,Aquecimento,Lives,Live 5 - Programar mensagens (antecipação 1hr antes) - Grupos,,Grupos,Gestor de Automação Junior,-,Copy pronta,Inicio da etapa,D+5,Não,Alta,Sim,Mautic,
Execução,11/05,24/05,Aquecimento,Lives,Live 5 - Programar mensagens (Estamos ao vivo) - Grupos,,Grupos,Gestor de Automação Junior,-,Copy pronta,Inicio da etapa,D+5,Não,Alta,Sim,Mautic,
Execução,11/05,24/05,Aquecimento,Lives,Live 5 - Programar mensagens (Assista a Gravação) - Grupos,,Grupos,Gestor de Automação Junior,-,Copy pronta,Inicio da etapa,D+5,Não,Alta,Sim,Mautic,
Execução,25/05,31/05,Evento,Scripts,Criar script CPL 1,,Interno,Copy,Estrategista Senior,-,Inicio da etapa,D-15,Não,Alta,Não,,
Execução,25/05,31/05,Evento,Scripts,Criar script CPL 2,,Interno,Copy,Estrategista Senior,-,Inicio da etapa,D-15,Não,Alta,Não,,
Execução,25/05,31/05,Evento,Scripts,Criar script CPL 3,,Interno,Copy,Estrategista Senior,-,Inicio da etapa,D-15,Não,Alta,Não,,
Execução,25/05,31/05,Evento,Scripts,Criar script CPL 4,,Interno,Copy,Estrategista Senior,-,Inicio da etapa,D-15,Não,Alta,Não,,
Execução,25/05,31/05,Evento,Scripts,Criar script da oferta,,Interno,Estrategista Senior,Estrategista Senior,-,Inicio da etapa,D-15,Não,Alta,Não,,
Execução,25/05,31/05,Evento,Scripts,Inserir depoimentos no CPL 1,,Vídeo,Editor de Vídeo,Gestor de Projetos,CPL 1 pronto,Inicio da etapa,D-3,Não,Alta,Não,,
Execução,25/05,31/05,Evento,CPLs,Gravar CPL 1 no YouTube,,YouTube,Especialista,Estratégista Senior,Script CPL 1,Inicio da etapa,D-10,Não,Alta,Não,,
Execução,25/05,31/05,Evento,CPLs,Gravar CPL 2 no YouTube,,YouTube,Especialista,Estratégista Senior,Script CPL 2,Inicio da etapa,D-10,Não,Alta,Não,,
Execução,25/05,31/05,Evento,CPLs,Gravar CPL 3 no YouTube,,YouTube,Especialista,Estratégista Senior,Script CPL 3,Inicio da etapa,D-10,Não,Alta,Não,,
Execução,25/05,31/05,Evento,CPLs,Editar CPL 1 no YouTube,,YouTube,Editor de Vídeo,Estratégista Senior,CPL 1 Gravado,Inicio da etapa,D-5,Não,Alta,Não,,
Execução,25/05,31/05,Evento,CPLs,Editar CPL 2 no YouTube,,YouTube,Editor de Vídeo,Estratégista Senior,CPL 2 Gravado,Inicio da etapa,D-5,Não,Alta,Não,,
Execução,25/05,31/05,Evento,CPLs,Editar CPL 3 no YouTube,,YouTube,Editor de Vídeo,Estratégista Senior,CPL 3 Gravados,Inicio da etapa,D-5,Não,Alta,Não,,
Execução,25/05,31/05,Evento,CPLs,Programar CPL 1 no YouTube (D+0 do inicio da etapa),,YouTube,Social Media,-,CPLs pronto,Inicio da etapa,D-2,Não,Alta,Não,,
Execução,25/05,31/05,Evento,CPLs,Programar CPL 2 no YouTube (D+2 do inicio da etapa),,YouTube,Social Media,-,CPLs pronto,Inicio da etapa,D-2,Não,Alta,Não,,
Execução,25/05,31/05,Evento,CPLs,Programar CPL 3 no YouTube (D+4 do inicio da etapa),,YouTube,Social Media,-,CPLs pronto,Inicio da etapa,D-2,Não,Alta,Não,,
Execução,25/05,31/05,Evento,CPLs,Programar CPL 4 no YouTube (D+6 do inicio da etapa),,YouTube,Social Media,-,-,Inicio da etapa,D-2,Não,Alta,Não,,
Execução,25/05,31/05,Evento,Páginas,"Criar copy páginas dos CPL1, CPL2 e CPL 3",,Web Designer,Copy,Estratégista Senior,,Início da etapa,D-3,Alta,Não,,,
Execução,25/05,31/05,Evento,Páginas,Atualizar páginas dos CPL1,,Web Designer,Gestor de Tráfego,-,Copy pronta,Início da etapa,D-2,Alta,Não,,,
Execução,25/05,31/05,Evento,Páginas,Atualizar páginas dos CPL2,,Web Designer,Gestor de Tráfego,-,Copy pronta,Início da etapa,D-2,Alta,Não,,,
Execução,25/05,31/05,Evento,Páginas,Atualizar páginas dos CPL3,,Web Designer,Gestor de Tráfego,-,Copy pronta,Início da etapa,D-2,Alta,Não,,,
Execução,25/05,31/05,Evento,Páginas,Publicar página CPL 1,,Web,Gestor de Tráfego,-,Página pronta,Início da etapa,D+0,Não,Alta,Não,,
Execução,25/05,31/05,Evento,CPLs,Liberar CPL 1 no YouTube,,YouTube,Social Media,-,Programado,Início da etapa,D+0,Não,Alta,Não,,
Execução,25/05,31/05,Evento,Páginas,Publicar página CPL 2,,Web,Gestor de Tráfego,-,Página pronta,Início da etapa,D+2,Não,Alta,Não,,
Execução,25/05,31/05,Evento,CPLs,Liberar CPL 2 no YouTube,,YouTube,Social Media,-,Programado,Início da etapa,D+2,Não,Alta,Não,,
Execução,25/05,31/05,Evento,Páginas,Publicar página CPL 3,,Web,Gestor de Tráfego,-,Página pronta,Início da etapa,D+4,Não,Alta,Não,,
Execução,25/05,31/05,Evento,CPLs,Liberar CPL 3 no YouTube,,YouTube,Social Media,-,Programado,Início da etapa,D+4,Não,Alta,Não,,
Execução,25/05,31/05,Evento,CPLs,Liberar CPL 4 no YouTube,,YouTube,Social Media,-,Programado,Início da etapa,D+6,Não,Alta,Não,,
Execução,25/05,31/05,Evento,CPL 1 Email,Criar mensagem aviso,,Email,Copy,Gestor de Projetos,-,Início da etapa,D-3,Não,Alta,Sim,,
Execução,25/05,31/05,Evento,CPL 1 Email,Criar mensagem reforço 1,,Email,Copy,Gestor de Projetos,-,Início da etapa,D-3,Não,Alta,Sim,,
Execução,25/05,31/05,Evento,CPL 1 Email,Criar mensagem reforço 2,,Email,Copy,Gestor de Projetos,-,Início da etapa,D-3,Não,Alta,Sim,,
Execução,25/05,31/05,Evento,CPL 1 Email,Criar mensagem reforço 3,,Email,Copy,Gestor de Projetos,-,Início da etapa,D-3,Não,Alta,Sim,,
Execução,25/05,31/05,Evento,CPL 1 Email,Programar aviso,,Email,Automação,-,Copy pronta,Início da etapa,D-2,Não,Alta,Sim,,
Execução,25/05,31/05,Evento,CPL 1 Email,Programar reforço 1,,Email,Automação,-,Copy pronta,Início da etapa,D-2,Não,Alta,Sim,,
Execução,25/05,31/05,Evento,CPL 1 Email,Programar reforço 2,,Email,Automação,-,Copy pronta,Início da etapa,D-2,Não,Alta,Sim,,
Execução,25/05,31/05,Evento,CPL 1 Email,Programar reforço 3,,Email,Automação,-,Copy pronta,Início da etapa,D-2,Não,Alta,Sim,,
Execução,25/05,31/05,Evento,CPL 2 Email,Criar mensagem aviso,,Email,Copy,Gestor de Projetos,-,Início da etapa,D-3,Não,Alta,Sim,,
Execução,25/05,31/05,Evento,CPL 2 Email,Criar mensagem reforço 1,,Email,Copy,Gestor de Projetos,-,Início da etapa,D-3,Não,Alta,Sim,,
Execução,25/05,31/05,Evento,CPL 2 Email,Criar mensagem reforço 2,,Email,Copy,Gestor de Projetos,-,Início da etapa,D-3,Não,Alta,Sim,,
Execução,25/05,31/05,Evento,CPL 2 Email,Criar mensagem reforço 3,,Email,Copy,Gestor de Projetos,-,Início da etapa,D-3,Não,Alta,Sim,,
Execução,25/05,31/05,Evento,CPL 2 Email,Programar aviso,,Email,Automação,-,Copy pronta,Início da etapa,D-2,Não,Alta,Sim,,
Execução,25/05,31/05,Evento,CPL 2 Email,Programar reforço 1,,Email,Automação,-,Copy pronta,Início da etapa,D-2,Não,Alta,Sim,,
Execução,25/05,31/05,Evento,CPL 2 Email,Programar reforço 2,,Email,Automação,-,Copy pronta,Início da etapa,D-2,Não,Alta,Sim,,
Execução,25/05,31/05,Evento,CPL 2 Email,Programar reforço 3,,Email,Automação,-,Copy pronta,Início da etapa,D-2,Não,Alta,Sim,,
Execução,25/05,31/05,Evento,CPL 3 Email,Criar mensagem aviso,,Email,Copy,Gestor de Projetos,-,Início da etapa,D-3,Não,Alta,Sim,,
Execução,25/05,31/05,Evento,CPL 3 Email,Criar mensagem reforço 1,,Email,Copy,Gestor de Projetos,-,Início da etapa,D-3,Não,Alta,Sim,,
Execução,25/05,31/05,Evento,CPL 3 Email,Criar mensagem reforço 2 (com cta para entrar no grupo vip),,Email,Copy,Gestor de Projetos,-,Início da etapa,D-3,Não,Alta,Sim,,
Execução,25/05,31/05,Evento,CPL 3 Email,Criar mensagem reforço 3 (com cta para entrar no grupo vip),,Email,Copy,Gestor de Projetos,-,Início da etapa,D-3,Não,Alta,Sim,,
Execução,25/05,31/05,Evento,CPL 3 Email,Programar aviso,,Email,Automação,-,Copy pronta,Início da etapa,D-2,Não,Alta,Sim,,
Execução,25/05,31/05,Evento,CPL 3 Email,Programar reforço 1,,Email,Automação,-,Copy pronta,Início da etapa,D-2,Não,Alta,Sim,,
Execução,25/05,31/05,Evento,CPL 3 Email,Programar reforço 2,,Email,Automação,-,Copy pronta,Início da etapa,D-2,Não,Alta,Sim,,
Execução,25/05,31/05,Evento,CPL 3 Email,Programar reforço 3,,Email,Automação,-,Copy pronta,Início da etapa,D-2,Não,Alta,Sim,,
Execução,25/05,31/05,Evento,CPL 4 Email,Criar mensagem aviso,,Email,Copy,Gestor de Projetos,-,Início da etapa,D-3,Não,Alta,Sim,,
Execução,25/05,31/05,Evento,CPL 4 Email,Criar mensagem reforço 1,,Email,Copy,Gestor de Projetos,-,Início da etapa,D-3,Não,Alta,Sim,,
Execução,25/05,31/05,Evento,CPL 4 Email,Criar mensagem reforço 2 (com cta para entrar no grupo vip),,Email,Copy,Gestor de Projetos,-,Início da etapa,D-3,Não,Alta,Sim,,
Execução,25/05,31/05,Evento,CPL 4 Email,Criar mensagem reforço 3 (com cta para entrar no grupo vip),,Email,Copy,Gestor de Projetos,-,Início da etapa,D-3,Não,Alta,Sim,,
Execução,25/05,31/05,Evento,CPL 4 Email,Programar aviso,,Email,Automação,-,Copy pronta,Início da etapa,D-2,Não,Alta,Sim,,
Execução,25/05,31/05,Evento,CPL 4 Email,Programar reforço 1,,Email,Automação,-,Copy pronta,Início da etapa,D-2,Não,Alta,Sim,,
Execução,25/05,31/05,Evento,CPL 4 Email,Programar reforço 2,,Email,Automação,-,Copy pronta,Início da etapa,D-2,Não,Alta,Sim,,
Execução,25/05,31/05,Evento,CPL 4 Email,Programar reforço 3,,Email,Automação,-,Copy pronta,Início da etapa,D-2,Não,Alta,Sim,,
Execução,25/05,31/05,Evento,CPL 1 Grupo Whatsapp,Criar mensagem aviso,,Grupo Whatsapp,Copy,Gestor de Projetos,-,Início da etapa,D-3,Não,Alta,Sim,,
Execução,25/05,31/05,Evento,CPL 1 Grupo Whatsapp,Criar mensagem reforço 1,,Grupo Whatsapp,Copy,Gestor de Projetos,-,Início da etapa,D-3,Não,Alta,Sim,,
Execução,25/05,31/05,Evento,CPL 1 Grupo Whatsapp,Criar mensagem reforço 2,,Grupo Whatsapp,Copy,Gestor de Projetos,-,Início da etapa,D-3,Não,Alta,Sim,,
Execução,25/05,31/05,Evento,CPL 1 Grupo Whatsapp,Criar mensagem reforço 3,,Grupo Whatsapp,Copy,Gestor de Projetos,-,Início da etapa,D-3,Não,Alta,Sim,,
Execução,25/05,31/05,Evento,CPL 1 Grupo Whatsapp,Programar aviso,,Grupo Whatsapp,Automação,-,Copy pronta,Início da etapa,D-2,Não,Alta,Sim,,
Execução,25/05,31/05,Evento,CPL 1 Grupo Whatsapp,Programar reforço 1,,Grupo Whatsapp,Automação,-,Copy pronta,Início da etapa,D-2,Não,Alta,Sim,,
Execução,25/05,31/05,Evento,CPL 1 Grupo Whatsapp,Programar reforço 2,,Grupo Whatsapp,Automação,-,Copy pronta,Início da etapa,D-2,Não,Alta,Sim,,
Execução,25/05,31/05,Evento,CPL 1 Grupo Whatsapp,Programar reforço 3,,Grupo Whatsapp,Automação,-,Copy pronta,Início da etapa,D-2,Não,Alta,Sim,,
Execução,25/05,31/05,Evento,CPL 2 Grupo Whatsapp,Criar mensagem aviso,,Grupo Whatsapp,Copy,Gestor de Projetos,-,Início da etapa,D-3,Não,Alta,Sim,,
Execução,25/05,31/05,Evento,CPL 2 Grupo Whatsapp,Criar mensagem reforço 1,,Grupo Whatsapp,Copy,Gestor de Projetos,-,Início da etapa,D-3,Não,Alta,Sim,,
Execução,25/05,31/05,Evento,CPL 2 Grupo Whatsapp,Criar mensagem reforço 2,,Grupo Whatsapp,Copy,Gestor de Projetos,-,Início da etapa,D-3,Não,Alta,Sim,,
Execução,25/05,31/05,Evento,CPL 2 Grupo Whatsapp,Criar mensagem reforço 3,,Grupo Whatsapp,Copy,Gestor de Projetos,-,Início da etapa,D-3,Não,Alta,Sim,,
Execução,25/05,31/05,Evento,CPL 2 Grupo Whatsapp,Programar aviso,,Grupo Whatsapp,Automação,-,Copy pronta,Início da etapa,D-2,Não,Alta,Sim,,
Execução,25/05,31/05,Evento,CPL 2 Grupo Whatsapp,Programar reforço 1,,Grupo Whatsapp,Automação,-,Copy pronta,Início da etapa,D-2,Não,Alta,Sim,,
Execução,25/05,31/05,Evento,CPL 2 Grupo Whatsapp,Programar reforço 2,,Grupo Whatsapp,Automação,-,Copy pronta,Início da etapa,D-2,Não,Alta,Sim,,
Execução,25/05,31/05,Evento,CPL 2 Grupo Whatsapp,Programar reforço 3,,Grupo Whatsapp,Automação,-,Copy pronta,Início da etapa,D-2,Não,Alta,Sim,,
Execução,25/05,31/05,Evento,CPL 3 Grupo Whatsapp,Criar mensagem aviso,,Grupo Whatsapp,Copy,Gestor de Projetos,-,Início da etapa,D-3,Não,Alta,Sim,,
Execução,25/05,31/05,Evento,CPL 3 Grupo Whatsapp,Criar mensagem reforço 1,,Grupo Whatsapp,Copy,Gestor de Projetos,-,Início da etapa,D-3,Não,Alta,Sim,,
Execução,25/05,31/05,Evento,CPL 3 Grupo Whatsapp,Criar mensagem reforço 2 (com cta para entrar no grupo vip),,Grupo Whatsapp,Copy,Gestor de Projetos,-,Início da etapa,D-3,Não,Alta,Sim,,
Execução,25/05,31/05,Evento,CPL 3 Grupo Whatsapp,Criar mensagem reforço 3 (com cta para entrar no grupo vip),,Grupo Whatsapp,Copy,Gestor de Projetos,-,Início da etapa,D-3,Não,Alta,Sim,,
Execução,25/05,31/05,Evento,CPL 3 Grupo Whatsapp,Programar aviso,,Grupo Whatsapp,Automação,-,Copy pronta,Início da etapa,D-2,Não,Alta,Sim,,
Execução,25/05,31/05,Evento,CPL 3 Grupo Whatsapp,Programar reforço 1,,Grupo Whatsapp,Automação,-,Copy pronta,Início da etapa,D-2,Não,Alta,Sim,,
Execução,25/05,31/05,Evento,CPL 3 Grupo Whatsapp,Programar reforço 2,,Grupo Whatsapp,Automação,-,Copy pronta,Início da etapa,D-2,Não,Alta,Sim,,
Execução,25/05,31/05,Evento,CPL 3 Grupo Whatsapp,Programar reforço 3,,Grupo Whatsapp,Automação,-,Copy pronta,Início da etapa,D-2,Não,Alta,Sim,,
Execução,25/05,31/05,Evento,CPL 4 Grupo Whatsapp,Criar mensagem aviso,,Grupo Whatsapp,Copy,Gestor de Projetos,-,Início da etapa,D-3,Não,Alta,Sim,,
Execução,25/05,31/05,Evento,CPL 4 Grupo Whatsapp,Criar mensagem reforço 1,,Grupo Whatsapp,Copy,Gestor de Projetos,-,Início da etapa,D-3,Não,Alta,Sim,,
Execução,25/05,31/05,Evento,CPL 4 Grupo Whatsapp,Criar mensagem reforço 2 (com cta para entrar no grupo vip),,Grupo Whatsapp,Copy,Gestor de Projetos,-,Início da etapa,D-3,Não,Alta,Sim,,
Execução,25/05,31/05,Evento,CPL 4 Grupo Whatsapp,Criar mensagem reforço 3 (com cta para entrar no grupo vip),,Grupo Whatsapp,Copy,Gestor de Projetos,-,Início da etapa,D-3,Não,Alta,Sim,,
Execução,25/05,31/05,Evento,CPL 4 Grupo Whatsapp,Programar aviso,,Grupo Whatsapp,Automação,-,Copy pronta,Início da etapa,D-2,Não,Alta,Sim,,
Execução,25/05,31/05,Evento,CPL 4 Grupo Whatsapp,Programar reforço 1,,Grupo Whatsapp,Automação,-,Copy pronta,Início da etapa,D-2,Não,Alta,Sim,,
Execução,25/05,31/05,Evento,CPL 4 Grupo Whatsapp,Programar reforço 2,,Grupo Whatsapp,Automação,-,Copy pronta,Início da etapa,D-2,Não,Alta,Sim,,
Execução,25/05,31/05,Evento,CPL 4 Grupo Whatsapp,Programar reforço 3,,Grupo Whatsapp,Automação,-,Copy pronta,Início da etapa,D-2,Não,Alta,Sim,,
Execução,25/05,31/05,Evento,Revisão CPL 1,Criar mensagem antecipação,,Email/WhatsApp,Copy,Estrategista Senior,-,Início da etapa,D-1,Não,Alta,Sim,,
Execução,25/05,31/05,Evento,Revisão CPL 1,Criar mensagem 1h antes,,Email/WhatsApp,Copy,Estrategista Senior,-,Início da etapa,D-1,Não,Alta,Sim,,
Execução,25/05,31/05,Evento,Revisão CPL 1,Criar mensagem ao vivo,,Email/WhatsApp,Copy,Estrategista Senior,-,Início da etapa,D-1,Não,Alta,Sim,,
Execução,25/05,31/05,Evento,Revisão CPL 1,Programar mensagens,,Email/WhatsApp,Automação,Gestor de Projetos,Copy pronta,Início da etapa,D+0,Não,Alta,Sim,,
Execução,25/05,31/05,Evento,Revisão CPL 2,Criar mensagem antecipação,,Email/WhatsApp,Copy,Gestor de Projetos,-,Início da etapa,D+0,Não,Alta,Sim,,
Execução,25/05,31/05,Evento,Revisão CPL 2,Criar mensagem 1h antes,,Email/WhatsApp,Copy,Gestor de Projetos,-,Início da etapa,D+0,Não,Alta,Sim,,
Execução,25/05,31/05,Evento,Revisão CPL 2,Criar mensagem ao vivo,,Email/WhatsApp,Copy,Gestor de Projetos,-,Início da etapa,D+0,Não,Alta,Sim,,
Execução,25/05,31/05,Evento,Revisão CPL 2,Programar mensagens,,Email/WhatsApp,Automação,-,Copy pronta,Início da etapa,D+1,Não,Alta,Sim,,
Execução,25/05,31/05,Evento,Revisão CPL 3,Criar mensagem antecipação,,Email/WhatsApp,Copy,Gestor de Projetos,-,Início da etapa,D+1,Não,Alta,Sim,,
Execução,25/05,31/05,Evento,Revisão CPL 3,Criar mensagem 1h antes,,Email/WhatsApp,Copy,Gestor de Projetos,-,Início da etapa,D+1,Não,Alta,Sim,,
Execução,25/05,31/05,Evento,Revisão CPL 3,Criar mensagem ao vivo,,Email/WhatsApp,Copy,Gestor de Projetos,-,Início da etapa,D+1,Não,Alta,Sim,,
Execução,25/05,31/05,Evento,Revisão CPL 3,Programar mensagens,,Email/WhatsApp,Automação,-,Copy pronta,Início da etapa,D+2,Não,Alta,Sim,,
Execução,25/05,31/05,Evento,Automação,Criar automação ManyChat CPL 1,,Manychat,Automação,Gestor de Projetos,Copy pronta,Início da etapa,D-1,Não,Alta,Sim,,
Execução,25/05,31/05,Evento,Automação,Criar automação ManyChat CPL 2,,Manychat,Automação,Gestor de Projetos,Copy pronta,Início da etapa,D+0,Não,Alta,Sim,,
Execução,25/05,31/05,Evento,Automação,Criar automação ManyChat CPL 3,,Manychat,Automação,Gestor de Projetos,Copy pronta,Início da etapa,D+1,Não,Alta,Sim,,
Execução,25/05,31/05,Evento,Automação,Criar automação ManyChat CPL 4,,Manychat,Automação,Gestor de Projetos,Copy pronta,Início da etapa,D+2,Não,Alta,Sim,,
Execução,01/06,07/06,Vendas,Dia 1 Email,Criar mensagem manhã - Oportunidade,,Email,Copy,Estrategista Senior,-,Início vendas,D-2,Não,Alta,Sim,,
Execução,01/06,07/06,Vendas,Dia 1 Email,Criar mensagem tarde - Urgência,,Email,Copy,Estrategista Senior,-,Início vendas,D-2,Não,Alta,Sim,,
Execução,01/06,07/06,Vendas,Dia 1 Email,Criar mensagem noite - Escassez,,Email,Copy,Estrategista Senior,-,Início vendas,D-2,Não,Alta,Sim,,
Execução,01/06,07/06,Vendas,Dia 2 Email,Criar mensagem manhã,,Email,Copy,Estrategista Senior,-,Início vendas,D-2,Não,Alta,Sim,,
Execução,01/06,07/06,Vendas,Dia 2 Email,Criar mensagem tarde,,Email,Copy,Estrategista Senior,-,Início vendas,D-2,Não,Alta,Sim,,
Execução,01/06,07/06,Vendas,Dia 2 Email,Criar mensagem noite (Efeito W antecipação),,Email,Copy,Estrategista Senior,-,Início vendas,D-2,Não,Alta,Sim,,
Execução,01/06,07/06,Vendas,Dia 3 Email,Criar mensagem manhã (Nova chance),,Email,Copy,Estrategista Senior,-,Início vendas,D-2,Não,Alta,Sim,,
Execução,01/06,07/06,Vendas,Dia 3 Email,Criar mensagem tarde (Live ao vivo),,Email,Copy,Estrategista Senior,-,Início vendas,D-2,Não,Alta,Sim,,
Execução,01/06,07/06,Vendas,Dia 3 Email,Criar mensagem noite (Urgência),,Email,Copy,Estrategista Senior,-,Início vendas,D-2,Não,Alta,Sim,,
Execução,01/06,07/06,Vendas,Dia 4 Email,Criar mensagem manhã (Reforço),,Email,Copy,Estrategista Senior,-,Início vendas,D-2,Não,Alta,Sim,,
Execução,01/06,07/06,Vendas,Dia 4 Email,Criar mensagem tarde (Escassez),,Email,Copy,Estrategista Senior,-,Início vendas,D-2,Não,Alta,Sim,,
Execução,01/06,07/06,Vendas,Dia 4 Email,Criar mensagem noite (Urgência),,Email,Copy,Estrategista Senior,-,Início vendas,D-2,Não,Alta,Sim,,
Execução,01/06,07/06,Vendas,Dia 5 Email,Criar mensagem manhã,,Email,Copy,Estrategista Senior,-,Início vendas,D-2,Não,Alta,Sim,,
Execução,01/06,07/06,Vendas,Dia 5 Email,Criar mensagem tarde,,Email,Copy,Estrategista Senior,-,Início vendas,D-2,Não,Alta,Sim,,
Execução,01/06,07/06,Vendas,Dia 5 Email,Criar mensagem noite,,Email,Copy,Estrategista Senior,-,Início vendas,D-2,Não,Alta,Sim,,
Execução,01/06,07/06,Vendas,Dia 6 Email,Criar mensagem manhã,,Email,Copy,Estrategista Senior,-,Início vendas,D-2,Não,Alta,Sim,,
Execução,01/06,07/06,Vendas,Dia 6 Email,Criar mensagem tarde,,Email,Copy,Estrategista Senior,-,Início vendas,D-2,Não,Alta,Sim,,
Execução,01/06,07/06,Vendas,Dia 6 Email,Criar mensagem noite,,Email,Copy,Estrategista Senior,-,Início vendas,D-2,Não,Alta,Sim,,
Execução,01/06,07/06,Vendas,Dia 7 Email,Criar mensagem manhã (Aviso fechamento),,Email,Copy,Estrategista Senior,-,Início vendas,D-2,Não,Alta,Sim,,
Execução,01/06,07/06,Vendas,Dia 7 Email,Criar mensagem tarde (Urgência forte),,Email,Copy,Estrategista Senior,-,Início vendas,D-2,Não,Alta,Sim,,
Execução,01/06,07/06,Vendas,Dia 7 Email,Criar mensagem noite (Últimas horas),,Email,Copy,Estrategista Senior,-,Início vendas,D-2,Não,Alta,Sim,,
Execução,01/06,07/06,Vendas,Dia 7 Email,Criar mensagem encerramento,,Email,Copy,Estrategista Senior,-,Início vendas,D-2,Não,Alta,Sim,,
Execução,01/06,07/06,Vendas,Email,Programar mensagens Dia 1,,Email,Automação,Gestor de Projetos,Copy pronta,Início vendas,D-1,Não,Alta,Sim,,
Execução,01/06,07/06,Vendas,Email,Programar mensagens Dia 2,,Email,Automação,Gestor de Projetos,Copy pronta,Início vendas,D-1,Não,Alta,Sim,,
Execução,01/06,07/06,Vendas,Email,Programar mensagens Dia 3,,Email,Automação,Gestor de Projetos,Copy pronta,Início vendas,D-1,Não,Alta,Sim,,
Execução,01/06,07/06,Vendas,Email,Programar mensagens Dia 4,,Email,Automação,Gestor de Projetos,Copy pronta,Início vendas,D-1,Não,Alta,Sim,,
Execução,01/06,07/06,Vendas,Email,Programar mensagens Dia 5,,Email,Automação,Gestor de Projetos,Copy pronta,Início vendas,D-1,Não,Alta,Sim,,
Execução,01/06,07/06,Vendas,Email,Programar mensagens Dia 6,,Email,Automação,Gestor de Projetos,Copy pronta,Início vendas,D-1,Não,Alta,Sim,,
Execução,01/06,07/06,Vendas,Email,Programar mensagens Dia 7,,Email,Automação,Gestor de Projetos,Copy pronta,Início vendas,D-1,Não,Alta,Sim,,
Execução,01/06,07/06,Vendas,Dia 1 Grupo Whatsapp,Criar mensagem manhã - Oportunidade,,Grupo Whatsapp,Copy,Estrategista Senior,-,Início vendas,D-2,Não,Alta,Sim,,
Execução,01/06,07/06,Vendas,Dia 1 Grupo Whatsapp,Criar mensagem tarde - Urgência,,Grupo Whatsapp,Copy,Estrategista Senior,-,Início vendas,D-2,Não,Alta,Sim,,
Execução,01/06,07/06,Vendas,Dia 1 Grupo Whatsapp,Criar mensagem noite - Escassez,,Grupo Whatsapp,Copy,Estrategista Senior,-,Início vendas,D-2,Não,Alta,Sim,,
Execução,01/06,07/06,Vendas,Dia 2 Grupo Whatsapp,Criar mensagem manhã,,Grupo Whatsapp,Copy,Estrategista Senior,-,Início vendas,D-2,Não,Alta,Sim,,
Execução,01/06,07/06,Vendas,Dia 2 Grupo Whatsapp,Criar mensagem tarde,,Grupo Whatsapp,Copy,Estrategista Senior,-,Início vendas,D-2,Não,Alta,Sim,,
Execução,01/06,07/06,Vendas,Dia 2 Grupo Whatsapp,Criar mensagem noite (Efeito W antecipação),,Grupo Whatsapp,Copy,Estrategista Senior,-,Início vendas,D-2,Não,Alta,Sim,,
Execução,01/06,07/06,Vendas,Dia 3 Grupo Whatsapp,Criar mensagem manhã (Nova chance),,Grupo Whatsapp,Copy,Estrategista Senior,-,Início vendas,D-2,Não,Alta,Sim,,
Execução,01/06,07/06,Vendas,Dia 3 Grupo Whatsapp,Criar mensagem tarde (Live ao vivo),,Grupo Whatsapp,Copy,Estrategista Senior,-,Início vendas,D-2,Não,Alta,Sim,,
Execução,01/06,07/06,Vendas,Dia 3 Grupo Whatsapp,Criar mensagem noite (Urgência),,Grupo Whatsapp,Copy,Estrategista Senior,-,Início vendas,D-2,Não,Alta,Sim,,
Execução,01/06,07/06,Vendas,Dia 4 Grupo Whatsapp,Criar mensagem manhã (Reforço),,Grupo Whatsapp,Copy,Estrategista Senior,-,Início vendas,D-2,Não,Alta,Sim,,
Execução,01/06,07/06,Vendas,Dia 4 Grupo Whatsapp,Criar mensagem tarde (Escassez),,Grupo Whatsapp,Copy,Estrategista Senior,-,Início vendas,D-2,Não,Alta,Sim,,
Execução,01/06,07/06,Vendas,Dia 4 Grupo Whatsapp,Criar mensagem noite (Urgência),,Grupo Whatsapp,Copy,Estrategista Senior,-,Início vendas,D-2,Não,Alta,Sim,,
Execução,01/06,07/06,Vendas,Dia 5 Grupo Whatsapp,Criar mensagem manhã,,Grupo Whatsapp,Copy,Estrategista Senior,-,Início vendas,D-2,Não,Alta,Sim,,
Execução,01/06,07/06,Vendas,Dia 5 Grupo Whatsapp,Criar mensagem tarde,,Grupo Whatsapp,Copy,Estrategista Senior,-,Início vendas,D-2,Não,Alta,Sim,,
Execução,01/06,07/06,Vendas,Dia 5 Grupo Whatsapp,Criar mensagem noite,,Grupo Whatsapp,Copy,Estrategista Senior,-,Início vendas,D-2,Não,Alta,Sim,,
Execução,01/06,07/06,Vendas,Dia 6 Grupo Whatsapp,Criar mensagem manhã,,Grupo Whatsapp,Copy,Estrategista Senior,-,Início vendas,D-2,Não,Alta,Sim,,
Execução,01/06,07/06,Vendas,Dia 6 Grupo Whatsapp,Criar mensagem tarde,,Grupo Whatsapp,Copy,Estrategista Senior,-,Início vendas,D-2,Não,Alta,Sim,,
Execução,01/06,07/06,Vendas,Dia 6 Grupo Whatsapp,Criar mensagem noite,,Grupo Whatsapp,Copy,Estrategista Senior,-,Início vendas,D-2,Não,Alta,Sim,,
Execução,01/06,07/06,Vendas,Dia 7 Grupo Whatsapp,Criar mensagem manhã (Aviso fechamento),,Grupo Whatsapp,Copy,Estrategista Senior,-,Início vendas,D-2,Não,Alta,Sim,,
Execução,01/06,07/06,Vendas,Dia 7 Grupo Whatsapp,Criar mensagem tarde (Urgência forte),,Grupo Whatsapp,Copy,Estrategista Senior,-,Início vendas,D-2,Não,Alta,Sim,,
Execução,01/06,07/06,Vendas,Dia 7 Grupo Whatsapp,Criar mensagem noite (Últimas horas),,Grupo Whatsapp,Copy,Estrategista Senior,-,Início vendas,D-2,Não,Alta,Sim,,
Execução,01/06,07/06,Vendas,Dia 7 Grupo Whatsapp,Criar mensagem encerramento,,Grupo Whatsapp,Copy,Estrategista Senior,-,Início vendas,D-2,Não,Alta,Sim,,
Execução,01/06,07/06,Vendas,Grupo Whatsapp,Programar mensagens Dia 1,,Grupo Whatsapp,Automação,Gestor de Projetos,Copy pronta,Início vendas,D-1,Não,Alta,Sim,,
Execução,01/06,07/06,Vendas,Grupo Whatsapp,Programar mensagens Dia 2,,Grupo Whatsapp,Automação,Gestor de Projetos,Copy pronta,Início vendas,D-1,Não,Alta,Sim,,
Execução,01/06,07/06,Vendas,Grupo Whatsapp,Programar mensagens Dia 3,,Grupo Whatsapp,Automação,Gestor de Projetos,Copy pronta,Início vendas,D-1,Não,Alta,Sim,,
Execução,01/06,07/06,Vendas,Grupo Whatsapp,Programar mensagens Dia 4,,Grupo Whatsapp,Automação,Gestor de Projetos,Copy pronta,Início vendas,D-1,Não,Alta,Sim,,
Execução,01/06,07/06,Vendas,Grupo Whatsapp,Programar mensagens Dia 5,,Grupo Whatsapp,Automação,Gestor de Projetos,Copy pronta,Início vendas,D-1,Não,Alta,Sim,,
Execução,01/06,07/06,Vendas,Grupo Whatsapp,Programar mensagens Dia 6,,Grupo Whatsapp,Automação,Gestor de Projetos,Copy pronta,Início vendas,D-1,Não,Alta,Sim,,
Execução,01/06,07/06,Vendas,Grupo Whatsapp,Programar mensagens Dia 7,,Grupo Whatsapp,Automação,Gestor de Projetos,Copy pronta,Início vendas,D-1,Não,Alta,Sim,,
Execução,01/06,07/06,Vendas,Efeito W,Programar live efeito W,,YouTube,Gestor de Projetos,Estrategista Senior,-,Início vendas,D-2,Não,Alta,Não,,
Execução,01/06,07/06,Vendas,Efeito W,Realizar live efeito W,,YouTube,Estrategista Senior,Gestor de Projetos,Live criada,Início vendas,D+3,Não,Alta,Não,,
Execução,01/06,07/06,Vendas,Tráfego,Criar Criativos,,Interno,Estrategista Senior,Gestor de Projetos,-,Início vendas,D-3,Não,Alta,Não,,
Execução,01/06,07/06,Vendas,Tráfego,Mapear cortes do Vídeo de Vendas,,Vídeo,Editor de Vídeo,Estrategista Senior,Video de Venda PRonto,Início vendas,D-3,Não,Alta,Não,,
Execução,01/06,07/06,Vendas,Tráfego,Produzir dublagens,,Vídeo,Editor de Vídeo,Estrategista Senior,Criativos prontos,Início vendas,D-2,Não,Alta,Não,,
Execução,01/06,07/06,Vendas,Páginas,Atualizar página de vendas,,Web Designer,Estrategista Senior,Copy pronta,,Início vendas,D-2,Alta,Não,,,
Execução,01/06,07/06,Vendas,Páginas,Atualizar pré-checkout,,Web Designer,Estrategista Senior,Copy pronta,,Início vendas,D-2,Alta,Não,,,
Execução,01/06,07/06,Vendas,Páginas,Atualizar checkout,,Web Designer,Estrategista Senior,Copy pronta,,Início vendas,D-2,Alta,Não,,,
Execução,01/06,07/06,Vendas,Páginas,Publicar páginas,,Web,Gestor de Tráfego,-,Páginas prontas,Início vendas,D-1,Não,Alta,Não,,
Execução,01/06,07/06,Vendas,Páginas,Testar compra completa,,Web,Gestor de Projetos,-,Publicação feita,Início vendas,D-1,Não,Alta,Não,,
Execução,01/06,07/06,Vendas,Páginas,Validar pixel/eventos,,Meta Ads,Gestor de Tráfego,-,-,Início vendas,D-1,Não,Alta,Não,,
Execução,01/06,07/06,Vendas,Tráfego,Criar campanha de conversão,,Meta Ads,Gestor de Tráfego,-,-,Início vendas,D-1,Não,Alta,Não,,
Execução,01/06,07/06,Vendas,Tráfego,Configurar públicos,,Meta Ads,Gestor de Tráfego,-,-,Início vendas,D-1,Não,Alta,Não,,
Execução,01/06,07/06,Vendas,Otimização,Analisar métricas,,Meta Ads,Gestor de Tráfego,Gestor de Projetos,Campanhas ativas,Início vendas,D+0,Diário,Alta,Não,,
Execução,01/06,07/06,Vendas,Comercial,Identificar leads quentes,,WhatsApp,Comercial Junior,Gestor de Projetos,-,Início vendas,D+0,Diário,Alta,Não,,
Execução,01/06,07/06,Vendas,Comercial,Iniciar contato,,WhatsApp,Comercial Junior,-,Leads identificados,Início vendas,D+0,Diário,Alta,Não,,
Execução,01/06,07/06,Vendas,Comercial,Follow-up,,WhatsApp,Comercial Junior,-,Contato iniciado,Início vendas,D+0,Diário,Alta,Não,,
Execução,08/06,10/06,Reabertura,Dia 1 Email,Criar mensagem pesquisa (não comprou),,Email,Copy,Estrategista Senior,-,Início reabertura,D-1,Não,Alta,Sim,Mautic,
Execução,08/06,10/06,Reabertura,Dia 1 WhatsApp,Criar mensagem pesquisa (não comprou),,WhatsApp,Copy,Estrategista Senior,-,Início reabertura,D-1,Não,Alta,Sim,ManyChat,
Execução,08/06,10/06,Reabertura,Dia 2 Email,Criar mensagem nova oportunidade relâmpago,,Email,Copy,Estrategista Senior,-,Início reabertura,D-1,Não,Alta,Sim,Mautic,
Execução,08/06,10/06,Reabertura,Dia 2 Email,Criar mensagem urgência,,Email,Copy,Estrategista Senior,-,Início reabertura,D-1,Não,Alta,Sim,Mautic,
Execução,08/06,10/06,Reabertura,Dia 2 WhatsApp,Criar mensagem nova oportunidade relâmpago,,WhatsApp,Copy,Estrategista Senior,-,Início reabertura,D-1,Não,Alta,Sim,ManyChat,
Execução,08/06,10/06,Reabertura,Dia 2 WhatsApp,Criar mensagem urgência,,WhatsApp,Copy,Estrategista Senior,-,Início reabertura,D-1,Não,Alta,Sim,ManyChat,
Execução,08/06,10/06,Reabertura,Dia 3 Email,Criar mensagem última chance,,Email,Copy,Estrategista Senior,-,Início reabertura,D-1,Não,Alta,Sim,Mautic,
Execução,08/06,10/06,Reabertura,Dia 3 Email,Criar mensagem encerramento,,Email,Copy,Estrategista Senior,-,Início reabertura,D-1,Não,Alta,Sim,Mautic,
Execução,08/06,10/06,Reabertura,Dia 3 WhatsApp,Criar mensagem última chance,,WhatsApp,Copy,Estrategista Senior,-,Início reabertura,D-1,Não,Alta,Sim,ManyChat,
Execução,08/06,10/06,Reabertura,Dia 3 WhatsApp,Criar mensagem encerramento,,WhatsApp,Copy,Estrategista Senior,-,Início reabertura,D-1,Não,Alta,Sim,ManyChat,
Execução,08/06,10/06,Reabertura,Email,Programar mensagem Dia 1 (Pesquisa) -\> D-1,,Email,Gestor de Automação Junior,Gestor de Projetos,Copy pronta,Início reabertura,D-1,Não,Alta,Sim,Mautic,
Execução,08/06,10/06,Reabertura,Email,Programar mensagens Dia 2 (Reabertura + urgência) -\> D+0,,Email,Gestor de Automação Junior,Gestor de Projetos,Copy pronta,Início reabertura,D-1,Não,Alta,Sim,Mautic,
Execução,08/06,10/06,Reabertura,Email,Programar mensagens Dia 3 (Fechamento) -\> D+1,,Email,Gestor de Automação Junior,Gestor de Projetos,Copy pronta,Início reabertura,D-1,Não,Alta,Sim,Mautic,
Execução,08/06,10/06,Reabertura,Grupos,Programar mensagem Dia 1 (Pesquisa) -\> D-1,,WhatsApp,Gestor de Automação Junior,Gestor de Projetos,Copy pronta,Início reabertura,D-1,Não,Alta,Sim,ManyChat,
Execução,08/06,10/06,Reabertura,Grupos,Programar mensagens Dia 2 (Reabertura + urgência) -\> D+0,,WhatsApp,Gestor de Automação Junior,Gestor de Projetos,Copy pronta,Início reabertura,D-1,Não,Alta,Sim,ManyChat,
Execução,08/06,10/06,Reabertura,Grupos,Programar mensagens Dia 3 (Fechamento) -\> D+1,,WhatsApp,Gestor de Automação Junior,Gestor de Projetos,Copy pronta,Início reabertura,D-1,Não,Alta,Sim,ManyChat,
Execução,08/06,10/06,Reabertura,Controle,Acompanhar desempenho das mensagens,,Interno,Gestor de Projetos,Estrategista Senior,Mensagens enviadas,Início reabertura,D+0,Diário,Alta,Não,-,
Execução,17/06,19/06,Downsell,Páginas,Criar copy para página de vendas downsell,,Web Designer,Copy,Estratégista Senior,,Início downsell,D-3,Alta,Não,,,
Execução,17/06,19/06,Downsell,Páginas,Criar página de vendas downsell,,Web Designer,Gestor de Trafego,-,Copy da pagina de vendas pronta,Início downsell,D-3,Alta,Não,,,
Execução,17/06,19/06,Downsell,Páginas,Ajustar oferta downsell - hotmart,,Hotmart,Gestor de tráfego,-,-,Início downsell,D-3,Não,Alta,Não,,
Execução,17/06,19/06,Downsell,Páginas,Publicar páginas,,Web,Gestor de tráfego,-,Páginas prontas,Início downsell,D-1,Não,Alta,Não,,
Execução,17/06,19/06,Downsell,Páginas,Testar links,,Web,Gestor de tráfego,-,Publicação feita,Início downsell,D-1,Não,Alta,Não,,
Execução,17/06,19/06,Downsell,Páginas,Testar checkout completo,,Web,Gestor de Projeto,-,-,Início downsell,D-1,Não,Alta,Não,,
Execução,17/06,19/06,Downsell,Páginas,Validar pixel/eventos,,Meta Ads,Gestor de tráfego,-,-,Início downsell,D-1,Não,Alta,Não,,
Execução,17/06,19/06,Downsell,Live,Programar live Downsell,,Zoom/YT,Social Media,-,-,Início downsell,D-3,Não,Alta,Não,,
Execução,17/06,19/06,Downsell,Script,Script da oferta Downsell,,Interno,Copy,Estrategista Senior,-,Início downsell,D-3,Não,Alta,Não,,
Execução,17/06,19/06,Downsell,Script,Dublar Script,,Interno,Copy,Estrategista Senior,-,Início downsell,D-3,Não,Alta,Não,,
Execução,17/06,19/06,Downsell,Live,Executar apresentação,,Live,Especialista,-,Script da oferta downsell Pronto,Início downsell,D+0,Não,Alta,Não,,
Execução,17/06,19/06,Downsell,Convite,E-mail - Criar mensagem Anteciapação 1 dia antes,,Email,Copy,Estrategista Senior,-,Início downsell,D-2,Não,Alta,Sim,,
Execução,17/06,19/06,Downsell,Convite,E-mail - Criar Mensagem Lembrete 1h antes,,Email,Copy,Estrategista Senior,-,Início downsell,D-2,Não,Alta,Sim,,
Execução,17/06,19/06,Downsell,Convite,E-mail - Criar mensagem Lembrete ao vivo,,Email,Copy,Estrategista Senior,-,Início downsell,D-2,Não,Alta,Sim,,
Execução,17/06,19/06,Downsell,Convite,Grupo - Criar mensagem Anteciapação 1 dia antes,,WhatsApp,Copy,Estrategista Senior,-,Data live downsell,D-2,Não,Alta,Sim,,
Execução,17/06,19/06,Downsell,Convite,Grupo - Criar Mensagem Lembrete 1h antes,,WhatsApp,Copy,Estrategista Senior,-,Data live downsell,D-2,Não,Alta,Sim,,
Execução,17/06,19/06,Downsell,Convite,Grupo - Criar mensagem Lembrete ao vivo,,WhatsApp,Copy,Estrategista Senior,-,Data live downsell,D-2,Não,Alta,Sim,,
Execução,17/06,19/06,Downsell,Convite,D-1 -\> Programar atencipação 1 dia antes,,WhatsApp/email,Social Media,-,Mensagens Prontas,Data live downsell,D-1,Não,Alta,Sim,,
Execução,17/06,19/06,Downsell,Convite,D+0 -\> Programar Lembrete 1h antes,,WhatsApp/email,Social Media,-,Mensagens Prontas,Data live downsell,D+0,Não,Alta,Sim,,
Execução,17/06,19/06,Downsell,Convite,D+0 -\> Programar Lembrete Estamos AO Vivo,,WhatsApp/email,Social Media,-,Mensagens Prontas,Data live downsell,D+0,Não,Alta,Sim,,
Execução,17/06,19/06,Downsell,Vendas,D+0 -\> Criar mensagem nova oportunidade,,Email,Copy,Estrategista Senior,-,Início downsell,D-2,Não,Alta,Sim,,
Execução,17/06,19/06,Downsell,Vendas,D+0 -\> Criar mensagem nova oportunidade,,WhatsApp,Copy,Estrategista Senior,-,Início downsell,D-2,Não,Alta,Sim,,
Execução,17/06,19/06,Downsell,Vendas,D+1 -\> Criar mensagem benefício + acessibilidade,,Email,Copy,Estrategista Senior,-,Início downsell,D-2,Não,Alta,Sim,,
Execução,17/06,19/06,Downsell,Vendas,D+1 -\> Criar mensagem benefício + acessibilidade,,WhatsApp,Copy,Estrategista Senior,-,Início downsell,D-2,Não,Alta,Sim,,
Execução,17/06,19/06,Downsell,Vendas,D+2 -\> Criar mensagem última chance,,Email,Copy,Estrategista Senior,-,Início downsell,D-2,Não,Alta,Sim,,
Execução,17/06,19/06,Downsell,Vendas,D+2 -\> Criar mensagem encerramento,,WhatsApp,Copy,Estrategista Senior,-,Início downsell,D-2,Não,Alta,Sim,,
Execução,17/06,19/06,Downsell,Vendas,D+0 -\> programar mensagens,,WhatsApp/ email,Social Media,-,Mensagens Prontas,Início downsell,D+0,Não,Alta,Sim,,
Execução,17/06,19/06,Downsell,Vendas,D+1 -\> programar mensagen,,WhatsApp/ email,Social Media,-,Mensagens Prontas,Início downsell,D+1,Não,Alta,Sim,,
Execução,17/06,19/06,Downsell,Vendas,D+2 -\> programar mensagens,,WhatsApp/ email,Social Media,-,Mensagens Prontas,Início downsell,D+2,Não,Alta,Sim,,
Final,01/06,12/06,Onboarding de Alunos,Suporte,Adicionar novos alunos na área de membros,,Plataforma,Suporte de Alunos,Gestor de Projetos,Pagamento aprovado,Início onboarding,D+0,Diário,Alta,Não,Plataforma do curso,
Final,01/06,12/06,Onboarding de Alunos,Boas-vindas,Criar mensagem de boas-vindas,,Email/WhatsApp,Copy,Estrategista Senior,-,Início onboarding,D-1,Não,Alta,Sim,Mautic/ManyChat,
Final,01/06,12/06,Onboarding de Alunos,Boas-vindas,Programar mensagem de boas-vindas,,Email/WhatsApp,Gestor de Automação Junior,Gestor de Projetos,Copy pronta,Início onboarding,D-1,Não,Alta,Sim,Mautic/ManyChat,
Final,01/06,12/06,Onboarding de Alunos,Boas-vindas,Enviar mensagem de boas-vindas,,Email/WhatsApp,Suporte de Alunos,Gestor de Projetos,Aluno liberado na área de membros,Início onboarding,D+0,Diário,Alta,Sim,Mautic/ManyChat,
Final,01/06,12/06,Onboarding de Alunos,Suporte,Garantir acesso ao curso,,Suporte,Suporte de Alunos,Gestor de Projetos,Aluno cadastrado,Início onboarding,D+0,Diário,Alta,Não,Plataforma do curso,
Final,01/06,12/06,Onboarding de Alunos,Suporte,Garantir acesso à comunidade,,Suporte,Suporte de Alunos,Gestor de Projetos,Aluno cadastrado,Início onboarding,D+0,Diário,Alta,Não,Comunidade,
Final,01/06,12/06,Onboarding de Alunos,Suporte,Orientar primeiros passos,,WhatsApp/Email,Suporte de Alunos,Gestor de Projetos,Aluno com acesso,Início onboarding,D+0,Diário,Alta,Não,-,
Final,01/06,12/06,Onboarding de Alunos,Fiscal,Gerar invoice / nota fiscal,,Interno,Gestor de Projetos,Estrategista Senior,Prazo da garantia encerrado,Fim da garantia,D+0,Diário,Alta,Não,Sistema fiscal,
Final,01/06,12/06,Onboarding de Alunos,Pesquisa,Criar pesquisa com novos alunos,,Formulário/Email,Copy,Estrategista Senior,-,Início onboarding,D-1,Não,Média,Não,Forms,
Final,01/06,12/06,Onboarding de Alunos,Pesquisa,Enviar pesquisa para novos alunos,,Email/WhatsApp,Suporte de Alunos,Gestor de Projetos,Aluno onboardado,Início onboarding,D+3,Diário,Média,Sim,Mautic/ManyChat,
Final,01/06,12/06,Onboarding de Alunos,Pesquisa,Consolidar respostas da pesquisa,,Interno,Gestor de Projetos,Estrategista Senior,Pesquisas enviadas,Início onboarding,D+7,Semanal,Média,Não,Sheets,
